phonenumber,name,dateofbirth,gender,email,annualincome,company,otherinformation
81419610,patricia garcia,1975-04-05,m,patricia.garcia1@example.com,172964,stark industries,client 1
91533224,john johnson,1973-04-17,m,john.johnson2@example.com,177127,wayne enterprises,client 2
94698379,charles thompson,1977-01-25,m,charles.thompson3@example.com,140785,acme corp,client 3
93608513,robert young,1981-02-03,f,robert.young4@example.com,55353,acme corp,client 4
95437923,helen doe,1989-09-04,f,helen.doe5@example.com,50656,initech,client 5
97067228,christopher miller,2005-02-02,m,christopher.miller6@example.com,105861,stark industries,client 6
82694522,richard garcia,1989-11-27,f,richard.garcia7@example.com,72638,acme corp,client 7
94514944,nancy garcia,2004-11-21,m,nancy.garcia8@example.com,189680,wayne enterprises,client 8
83741438,charles anderson,1977-11-23,m,charles.anderson9@example.com,115008,stark industries,client 9
81538552,helen wilson,1985-05-03,m,helen.wilson10@example.com,178682,acme corp,client 10
89375710,richard hall,1989-03-09,m,richard.hall11@example.com,94651,initech,client 11
98187926,christopher anderson,1983-04-05,f,christopher.anderson12@example.com,53831,stark industries,client 12
83564251,mark jones,2003-07-20,m,mark.jones13@example.com,130864,globex corporation,client 13
99877065,james jackson,1960-11-24,m,james.jackson14@example.com,170763,acme corp,client 14
92871534,barbara taylor,1970-08-01,f,barbara.taylor15@example.com,161225,wayne enterprises,client 15
86007072,mark martin,1998-04-05,f,mark.martin16@example.com,72349,initech,client 16
86438436,maria smith,1967-06-27,f,maria.smith17@example.com,92770,stark industries,client 17
82321324,michael green,1991-02-25,m,michael.green18@example.com,63657,globex corporation,client 18
85446912,thomas white,1987-04-18,m,thomas.white19@example.com,111714,globex corporation,client 19
98350099,thomas hernandez,1967-04-08,m,thomas.hernandez20@example.com,118627,stark industries,client 20
84694634,john johnson,2005-11-02,m,john.johnson21@example.com,47668,stark industries,client 21
92188789,thomas davis,1977-11-16,m,thomas.davis22@example.com,171356,wayne enterprises,client 22
95076817,helen moore,1986-04-04,m,helen.moore23@example.com,142997,acme corp,client 23
97897151,charles green,1963-11-21,m,charles.green24@example.com,45889,globex corporation,client 24
92833230,linda miller,1972-09-15,m,linda.miller25@example.com,140593,wayne enterprises,client 25
98761611,linda johnson,1988-09-04,m,linda.johnson26@example.com,171711,stark industries,client 26
84965789,laura taylor,1991-08-07,f,laura.taylor27@example.com,45370,wayne enterprises,client 27
91036161,richard garcia,1989-05-14,f,richard.garcia28@example.com,70579,wayne enterprises,client 28
94652414,jane thompson,1994-01-24,f,jane.thompson29@example.com,44985,stark industries,client 29
99436429,thomas jones,1963-09-03,m,thomas.jones30@example.com,47962,initech,client 30
84946066,richard williams,1996-04-19,m,richard.williams31@example.com,192367,stark industries,client 31
99770838,william garcia,1973-11-23,f,william.garcia32@example.com,92570,acme corp,client 32
93195773,nancy hall,1979-08-11,m,nancy.hall33@example.com,32441,globex corporation,client 33
82229110,susan miller,1992-05-05,f,susan.miller34@example.com,48033,wayne enterprises,client 34
95781295,laura hernandez,1994-12-10,m,laura.hernandez35@example.com,175385,acme corp,client 35
83253031,james williams,1966-12-18,m,james.williams36@example.com,101394,acme corp,client 36
86752576,robert lee,2000-05-17,f,robert.lee37@example.com,95829,stark industries,client 37
88106422,james doe,1960-06-25,m,james.doe38@example.com,197015,acme corp,client 38
88412769,susan scott,1987-09-01,m,susan.scott39@example.com,49724,wayne enterprises,client 39
87194416,christopher jackson,1969-07-05,m,christopher.jackson40@example.com,110808,acme corp,client 40
87003042,robert lee,1975-11-04,f,robert.lee41@example.com,176770,globex corporation,client 41
84971793,laura clark,1971-07-01,m,laura.clark42@example.com,117080,globex corporation,client 42
85476257,laura clark,2004-02-13,m,laura.clark43@example.com,153388,wayne enterprises,client 43
88722606,elizabeth rodriguez,1974-04-01,m,elizabeth.rodriguez44@example.com,134455,acme corp,client 44
92164686,kevin garcia,1982-11-17,f,kevin.garcia45@example.com,170565,acme corp,client 45
82935113,james jones,1997-05-02,m,james.jones46@example.com,186387,globex corporation,client 46
96262632,jennifer white,1992-02-13,m,jennifer.white47@example.com,96773,stark industries,client 47
91028374,thomas clark,1994-11-24,m,thomas.clark48@example.com,125478,globex corporation,client 48
86539837,margaret wilson,2002-02-24,f,margaret.wilson49@example.com,162939,acme corp,client 49
96472441,richard scott,1978-09-05,m,richard.scott50@example.com,140217,globex corporation,client 50
